NodeCount,MessageCount,Seconds
3,9,0.455539
4,16,1.0902583
5,25,1.6097754
